Team 1,Team 2,Score
Florida,MiamiFlorida,4
Arizona,Hawaii,-7
Villanova,Colgate,20
YoungstownSt,Samford,23
UCLA,CincinnatiU,-10
GeorgiaTech,Clemson,-38
FloridaIntl,Tulane,-28
TexasState,TexasA&M,-34
KentState,ArizonaState,-23
Utah,BYU,18
Albany,CentralMichigan,-17
Wagner,Connecticut,-3
RobertMorris,BuffaloU,-28
MorganSt,BowlingGreen,-43
FloridaA&M,CentralFlorida,-62
GardnerWebb,Charlotte,-21
CentralArkansas,WesternKentucky,7
AlabamaSt,UAB,-5
SouthDakotaSt,MinnesotaU,-7
NO.Colorado,SanJoseState,-17
DelawareSt,Delaware,-18
Valparaiso,EasternKentucky,-46
Jacksonville,Richmond,-19
EasternIllinois,Chattanooga,-14
Bryant,StonyBrook,-25
NorthwesternSt,TennesseeMartin,-22
SoIllinois,SEMissouriSt,-18
NCCentral,AustinPeay,-31
WesternIllinois,NorthAlabama,-9
JacksonvilleSt,SELouisiana,-21
MissouriSt,NorthernArizona,-14
Rice,Army,-7
UtahState,WakeForest,-3
Wisconsin,SouthFlorida,49
Tulsa,MichiganState,-21
Massachusetts,Rutgers,-27
ColoradoState,Colorado,-21
Purdue,Nevada,-3
OklahomaState,OregonState,16
SacredHeart,Maine,-28
FloridaAtlantic,OhioState,-24
SouthAlabama,Nebraska,-14
EastCarolina,NCState,-28
Akron,Illinois,-39
BallState,Indiana,-10
Toledo,Kentucky,-14
MississippiState,ULLafayette,10
Mississippi,Memphis,-5
GeorgiaState,TennesseeU,8
EasternMichigan,CoastalCarolina,7
SouthCarolina,NorthCarolina,-4
Duke,Alabama,-39
Northwestern,Stanford,-10
VirginiaTech,BostonCollege,-7
Syracuse,Liberty,24
SMU,ArkansasState,7
MiddleTennSt,Michigan,-19
MiamiOhio,Iowa,-24
GeorgiaSouthern,LSU,-52
Georgia,Vanderbilt,24
Virginia,PittsburghU,16
Missouri,Wyoming,-6
Oregon,Auburn,-6
LouisianaTech,Texas,-31
NewMexicoState,WashingtonState,-51
FresnoState,USC,-8
Howard,Maryland,-79
IndianaSt,Kansas,-7
NorthernIowa,IowaState,-3
JamesMadison,WestVirginia,-7
RhodeIsland,Ohio,-21
Bucknell,Temple,-44
EastWashington,Washington,-33
HolyCross,Navy,-38
Idaho,PennState,-72
EastTennesseeSt,AppalachianSt,-35
Colgate,AirForce,-41
MontanaSt,TexasTech,-35
PortlandSt,Arkansas,-7
Campbell,Troy,-29
SamHoustonSt,NewMexico,-8
IncarnateWord,TexSanAntonio,-28
VMI,Marshall,-39
UCDavis,California,-14
NorfolkSt,OldDominion,-3
Monmouth,WesternMichigan,-35
NichollsSt,KansasState,-35
IllinoisSt,NoIllinois,-14
AlcornSt,SouthernMiss,-28
StephenF.Austin,Baylor,-39
AbileneChristian,NorthTexas,-20
ArkPineBluff,TCU,-32
Grambling,ULMonroe,-22
HoustonBaptist,UTEP,-2
WeberSt,SanDiegoState,-6
SouthernUtah,UNLV,-33
BoiseState,FloridaState,5
St.Francis(PA),Lehigh,1
CharlestonSou,Furman,-33
Georgetown,Davidson,-7
Towson,TheCitadel,7
Montana,SouthDakota,14
Butler,NoDakotaState,-47
Drake,NorthDakota,-40
SanDiego,CalPoly,-18
Lafayette,William&Mary,-13
CentralConn.,Fordham,3
Mercer,WesternCarolina,22
Wofford,SoCarolinaSt,-15
Elon,N.CarolinaA&T,-3
PrairieView,TexasSouthern,21
Southern,McNeeseSt,-6
Miss.ValleySt,TennesseeSt,-6
Samford,TennesseeTech,-1
Houston,Oklahoma,-18
BethuneCookman,JacksonSt,21
NotreDame,Louisville,18
WakeForest,Rice,20
Marshall,BoiseState,-7
William&Mary,Virginia,-35
CSSacramento,ArizonaState,-12
Ohio,PittsburghU,-10
OldDominion,VirginiaTech,-14
UAB,Akron,11
Army,Michigan,-3
Vanderbilt,Purdue,-18
Rutgers,Iowa,-30
Syracuse,Maryland,-43
WestVirginia,Missouri,-31
CincinnatiU,OhioState,-42
BowlingGreen,KansasState,-52
NoIllinois,Utah,-18
SouthFlorida,GeorgiaTech,-4
Tulsa,SanJoseState,18
Nebraska,Colorado,-3
TexasA&M,Clemson,-14
CentralMichigan,Wisconsin,-61
Charlotte,AppalachianSt,-15
SouthernMiss,MississippiState,-23
Illinois,Connecticut,8
ArkansasState,UNLV,26
TexSanAntonio,Baylor,-49
NewMexicoState,Alabama,-52
SanDiegoState,UCLA,9
ULMonroe,FloridaState,-1
Wyoming,TexasState,9
NorthTexas,SMU,-22
BYU,TennesseeU,3
CentralFlorida,FloridaAtlantic,34
WesternKentucky,FloridaIntl,6
CoastalCarolina,Kansas,5
Liberty,ULLafayette,-21
WesternMichigan,MichiganState,-34
LSU,Texas,7
Tulane,Auburn,-18
Arkansas,Mississippi,-14
Nevada,Oregon,-71
BuffaloU,PennState,-32
EasternMichigan,Kentucky,-21
UTEP,TexasTech,-35
MiamiFlorida,NorthCarolina,-3
Stanford,USC,-25
California,Washington,1
MinnesotaU,FresnoState,3
OregonState,Hawaii,-3
CharlestonSou,SouthCarolina,-62
Southern,Memphis,-31
KennesawSt,KentState,-3
WesternCarolina,NCState,-41
Fordham,BallState,-28
TennesseeTech,MiamiOhio,-31
SoIllinois,Massachusetts,25
EasternIllinois,Indiana,-52
Richmond,BostonCollege,-32
Grambling,LouisianaTech,-6
MurraySt,Georgia,-46
WesternIllinois,ColoradoState,-25
NO.Colorado,WashingtonState,-42
GardnerWebb,EastCarolina,-39
Maine,GeorgiaSouthern,-8
N.CarolinaA&T,Duke,-32
Furman,GeorgiaState,-6
EasternKentucky,Louisville,-42
McNeeseSt,OklahomaState,-42
JacksonSt,SouthAlabama,-23
SouthDakota,Oklahoma,-56
TennesseeSt,MiddleTennSt,-19
TennesseeMartin,Florida,-45
StonyBrook,UtahState,-55
PrairieView,Houston,-20
NorthernArizona,Arizona,-24
Marist,Georgetown,-40
NewHampshire,HolyCross,-3
Lafayette,Monmouth,-3
Dayton,IndianaSt,7
TheCitadel,Elon,-7
Howard,YoungstownSt,-26
CentralArkansas,AustinPeay,8
NorthDakota,NoDakotaState,-31
SouthernUtah,NorthernIowa,-20
UCDavis,SanDiego,3
Bucknell,SacredHeart,-20
Lehigh,Villanova,-28
NCCentral,Towson,-39
St.Francis(PA),JamesMadison,-37
Bryant,Albany,-42
TexasSouthern,IncarnateWord,-19
Delaware,RhodeIsland,8
ArkPineBluff,AlabamaA&M,18
Chattanooga,JacksonvilleSt,-21
Miss.ValleySt,Lamar,-3
MoreheadSt,IllinoisSt,-28
SEMissouriSt,MontanaSt,-21
CalPoly,WeberSt,-17
NorthAlabama,Montana,-44
NorthCarolina,WakeForest,-6
Kansas,BostonCollege,24
WashingtonState,Houston,7
OhioState,Indiana,41
KansasState,MississippiState,7
NCState,WestVirginia,-17
Maryland,Temple,-3
MiamiOhio,CincinnatiU,-22
PittsburghU,PennState,-7
EasternMichigan,Illinois,3
ArkansasState,Georgia,-55
AirForce,Colorado,7
SanDiegoState,NewMexicoState,21
FloridaAtlantic,BallState,10
NewMexico,NotreDame,-52
Akron,CentralMichigan,-21
Stanford,CentralFlorida,-18
Alabama,SouthCarolina,24
EastCarolina,Navy,-32
Army,TexSanAntonio,18
USC,BYU,-3
GeorgiaSouthern,MinnesotaU,-3
UNLV,Northwestern,-16
OklahomaState,Tulsa,19
Memphis,SouthAlabama,36
Iowa,IowaState,1
ColoradoState,Arkansas,-21
WesternKentucky,Louisville,-17
ArizonaState,MichiganState,3
NorthTexas,California,-6
LouisianaTech,BowlingGreen,28
BuffaloU,Liberty,-18
SouthernMiss,Troy,5
Massachusetts,Charlotte,-35
Ohio,Marshall,-2
KentState,Auburn,-39
Florida,Kentucky,8
GeorgiaState,WesternMichigan,-47
TexasState,SMU,-30
Duke,MiddleTennSt,23
Hawaii,Washington,-32
TCU,Purdue,21
Clemson,Syracuse,35
FloridaState,Virginia,-7
Oklahoma,UCLA,34
NoIllinois,Nebraska,-36
Texas,Rice,35
TexasTech,Arizona,-14
Furman,VirginiaTech,-7
Chattanooga,TennesseeU,-45
TheCitadel,GeorgiaTech,3
NorfolkSt,CoastalCarolina,-39
BethuneCookman,MiamiFlorida,-63
SELouisiana,Mississippi,-11
IdahoSt,Utah,-31
CalPoly,OregonState,-38
Idaho,Wyoming,-5
SoCarolinaSt,SouthFlorida,-39
MurraySt,Toledo,-45
NewHampshire,FloridaIntl,-13
Lamar,TexasA&M,-59
WeberSt,Nevada,-6
SEMissouriSt,Missouri,-50
TexasSouthern,ULLafayette,-71
NorthwesternSt,LSU,-51
MissouriSt,Tulane,-52
PortlandSt,BoiseState,-35
Montana,Oregon,-32
Stetson,Marist,-3
SacredHeart,Lafayette,16
Fordham,Bryant,15
NoDakotaState,Delaware,25
Albany,Monmouth,-3
EasternKentucky,IndianaSt,-12
CentralConn.,Valparaiso,29
Duquesne,YoungstownSt,-20
Drake,SouthDakotaSt,-28
Dayton,RobertMorris,3
IllinoisSt,EasternIllinois,18
HoustonBaptist,SouthDakota,1
MontanaSt,WesternIllinois,9
MorganSt,JamesMadison,-51
EastWashington,JacksonvilleSt,-4
Hampton,Howard,21
SamHoustonSt,NorthDakota,-4
Villanova,Bucknell,35
KennesawSt,AlabamaSt,35
NCCentral,GardnerWebb,-9
Samford,Wofford,7
Colgate,William&Mary,-28
Elon,Richmond,22
N.CarolinaA&T,CharlestonSou,6
Wagner,StonyBrook,-16
Jacksonville,Presbyterian,10
AbileneChristian,CentralArkansas,-1
AustinPeay,Mercer,14
Towson,Maine,22
AlabamaA&M,NorthAlabama,7
NichollsSt,PrairieView,7
JacksonSt,TennesseeSt,5
AlcornSt,McNeeseSt,-3
TennesseeMartin,SoIllinois,-14
VMI,EastTennesseeSt,7
StephenF.Austin,SouthernUtah,-7
NO.Colorado,CSSacramento,-50
Lehigh,UCDavis,-28
Houston,Tulane,-7
Utah,USC,-7
FloridaIntl,LouisianaTech,-12
AirForce,BoiseState,-11
ULMonroe,IowaState,-52
MiamiOhio,OhioState,-71
Charlotte,Clemson,-42
Connecticut,Indiana,-35
CentralFlorida,PittsburghU,-1
ULLafayette,Ohio,20
Nebraska,Illinois,4
Temple,BuffaloU,-16
CentralMichigan,MiamiFlorida,-5
OldDominion,Virginia,-11
CoastalCarolina,Massachusetts,34
MichiganState,Northwestern,21
Troy,Akron,28
BostonCollege,Rutgers,14
WesternMichigan,Syracuse,-19
BallState,NCState,-11
Michigan,Wisconsin,-21
Toledo,ColoradoState,6
NewMexicoState,NewMexico,-3
Washington,BYU,26
Colorado,ArizonaState,3
California,Mississippi,8
TennesseeU,Florida,-31
GeorgiaState,TexasState,-3
SouthernMiss,Alabama,-42
Kentucky,MississippiState,-15
LSU,Vanderbilt,28
AppalachianSt,NorthCarolina,3
Auburn,TexasA&M,8
Wyoming,Tulsa,-3
SouthCarolina,Missouri,-20
WestVirginia,Kansas,5
OklahomaState,Texas,-6
BowlingGreen,KentState,-42
SMU,TCU,3
SanJoseState,Arkansas,7
SouthAlabama,UAB,-32
Oregon,Stanford,15
Baylor,Rice,8
TexSanAntonio,NorthTexas,-42
NotreDame,Georgia,-6
Louisville,FloridaState,-11
Nevada,UTEP,16
UCLA,WashingtonState,4
UtahState,SanDiegoState,6
Elon,WakeForest,-42
MorganSt,Army,-31
CentralConn.,EasternMichigan,-5
Wagner,FloridaAtlantic,-35
William&Mary,EastCarolina,-12
SoIllinois,ArkansasState,-13
CSSacramento,FresnoState,-14
CentralArkansas,Hawaii,-19
Cornell,Marist,14
Maine,Colgate,14
Pennsylvania,Delaware,-1
SacredHeart,LongIsland,24
Mercer,Furman,-35
HolyCross,Yale,-13
EasternKentucky,Presbyterian,25
Columbia,St.Francis(PA),17
Duquesne,Dayton,4
Dartmouth,Jacksonville,29
EasternIllinois,IndianaSt,-10
RobertMorris,VMI,10
Howard,DelawareSt,15
ArkPineBluff,TennesseeSt,6
KennesawSt,MissouriSt,11
NorfolkSt,MontanaSt,-35
Monmouth,Montana,-20
EastWashington,Idaho,-8
Lafayette,Albany,-29
UCDavis,NoDakotaState,-11
JamesMadison,Chattanooga,23
TennesseeTech,WesternIllinois,14
SouthDakota,NO.Colorado,8
Butler,Princeton,-42
IdahoSt,NorthernIowa,-7
Harvard,SanDiego,-8
CharlestonSou,TheCitadel,-9
Brown,Bryant,5
GardnerWebb,Wofford,-39
RhodeIsland,NewHampshire,-3
Hampton,Liberty,-35
Davidson,Campbell,-2
Villanova,Towson,7
Grambling,AlabamaSt,-3
Fordham,StonyBrook,-35
Southern,FloridaA&M,-6
PrairieView,AlcornSt,-4
AlabamaA&M,Samford,-34
McNeeseSt,AbileneChristian,-7
NorthwesternSt,HoustonBaptist,-27
NorthAlabama,JacksonvilleSt,-18
BethuneCookman,Miss.ValleySt,16
MoreheadSt,MurraySt,-52
IncarnateWord,SamHoustonSt,-39
SouthernUtah,SouthDakotaSt,-36
NichollsSt,StephenF.Austin,18
NorthernArizona,IllinoisSt,-13
AustinPeay,EastTennesseeSt,-6
Lamar,SELouisiana,-11
Navy,Memphis,-12
DelawareSt,N.CarolinaA&T,-37
Duke,VirginiaTech,35
PennState,Maryland,59
SanJoseState,AirForce,-17
ArizonaState,California,7
Brown,Harvard,-35
Northwestern,Wisconsin,-9
WakeForest,BostonCollege,3
Connecticut,CentralFlorida,-35
CentralMichigan,WesternMichigan,-16
SMU,SouthFlorida,27
BuffaloU,MiamiOhio,-14
GeorgiaTech,Temple,-22
NCState,FloridaState,-18
IowaState,Baylor,-2
BYU,Toledo,-7
Akron,Massachusetts,-8
Rutgers,Michigan,-52
MinnesotaU,Purdue,7
ULLafayette,GeorgiaSouthern,13
MiddleTennSt,Iowa,-45
UNLV,Wyoming,-36
WashingtonState,Utah,-25
FresnoState,NewMexicoState,13
Hawaii,Nevada,51
Stanford,OregonState,3
Indiana,MichiganState,-9
Clemson,NorthCarolina,1
Kentucky,SouthCarolina,-17
Mississippi,Alabama,-28
NoIllinois,Vanderbilt,-6
Kansas,TCU,-37
KansasState,OklahomaState,-13
MississippiState,Auburn,-33
TexasTech,Oklahoma,-39
FloridaAtlantic,Charlotte,18
Virginia,NotreDame,-15
CoastalCarolina,AppalachianSt,-19
CincinnatiU,Marshall,38
EastCarolina,OldDominion,3
NewMexico,Liberty,-7
ArkansasState,Troy,7
SouthAlabama,ULMonroe,-13
UTEP,SouthernMiss,-18
LouisianaTech,Rice,3
UAB,WesternKentucky,-7
ColoradoState,UtahState,-10
OhioState,Nebraska,41
Houston,NorthTexas,21
Arkansas,TexasA&M,-4
USC,Washington,-14
UCLA,Arizona,-3
HolyCross,Syracuse,-38
Delaware,PittsburghU,-3
Towson,Florida,-38
LongIsland,Wagner,-10
Merrimack,Lehigh,-7
St.Francis(PA),Bryant,10
Drake,Marist,24
EastTennesseeSt,Furman,-7
BethuneCookman,Howard,8
Georgetown,Columbia,14
Cornell,Yale,-11
Richmond,Fordham,-7
Duquesne,NewHampshire,-17
Wofford,VMI,15
JamesMadison,Elon,35
TheCitadel,Samford,-6
JacksonvilleSt,AustinPeay,-19
Idaho,NO.Colorado,-3
NorthernArizona,MontanaSt,-18
Pennsylvania,Lafayette,4
Princeton,Bucknell,33
William&Mary,Albany,-8
Maine,Villanova,-16
WesternCarolina,Chattanooga,-24
Montana,UCDavis,25
FloridaA&M,NorfolkSt,2
Presbyterian,NorthAlabama,-20
Grambling,PrairieView,-6
TennesseeTech,EasternIllinois,11
PortlandSt,IdahoSt,-27
NorthDakota,EastWashington,-15
Colgate,Dartmouth,-35
NCCentral,MorganSt,10
TennesseeSt,EasternKentucky,-26
RobertMorris,YoungstownSt,-35
TexasSouthern,HoustonBaptist,-37
StonyBrook,RhodeIsland,4
NichollsSt,TexasState,-21
SamHoustonSt,McNeeseSt,11
Southern,ArkPineBluff,24
MurraySt,TennesseeMartin,-33
SELouisiana,NorthwesternSt,17
Miss.ValleySt,AlcornSt,-26
StephenF.Austin,Lamar,7
Campbell,Mercer,7
AbileneChristian,IncarnateWord,-7
NorthernIowa,WeberSt,-12
CalPoly,SouthernUtah,3
GeorgiaSouthern,SouthAlabama,3
Temple,EastCarolina,10
CentralFlorida,Cincinnati,-3
NewMexico,SanJoseState,-11
Dartmouth,Pennsylvania,13
SouthFlorida,Connecticut,26
BostonCollege,Louisville,-2
NorthCarolina,GeorgiaTech,16
Texas,WestVirginia,11
Purdue,PennState,-28
BallState,NoIllinois,7
Tulane,Army,9
Pittsburgh,Duke,3
Baylor,KansasState,19
Maryland,Rutgers,41
OklahomaState,TexasTech,-10
KentState,Wisconsin,-48
EasternMichigan,CentralMichigan,-26
VirginiaTech,MiamiFlorida,7
Troy,Missouri,-32
Liberty,NewMexicoState,7
Arizona,Colorado,5
SanDiegoState,ColoradoState,14
OregonState,UCLA,17
California,Oregon,-10
Washington,Stanford,-10
Tulsa,SMU,-6
Iowa,Michigan,-7
Illinois,Minnesota,-23
Rice,UAB,-15
Northwestern,Nebraska,-3
Georgia,Tennessee,29
AirForce,Navy,-9
WesternMichigan,Toledo,-7
Oklahoma,Kansas,25
Ohio,BuffaloU,1
TCU,IowaState,-25
Vanderbilt,Mississippi,-25
Marshall,MiddleTennesseeState,-11
BowlingGreen,NotreDame,-52
ArkansasState,GeorgiaState,-14
WesternKentucky,OldDominion,17
Auburn,Florida,-11
Massachusetts,FloridaInternational,-44
Memphis,ULMonroe,19
MichiganState,OhioState,-24
UtahState,LSU,-36
UTSA,UTEP,10
BoiseState,UNLV,25
Jacksonville,Dayton,-28
LongIsland,Duquesne,-7
Butler,Stetson,-3
RhodeIsland,Brown,3
Fordham,Yale,-24
Lehigh,Colgate,7
Presbyterian,Campbell,-14
Davidson,MoreheadSt,11
NorthDakotaState,IllinoisSt,34
Columbia,Princeton,-11
Howard,Harvard,-45
Bryant,Merrimack,7
Valparaiso,Drake,-29
VMI,TheCitadel,13
N.CarolinaAT,NorfolkSt,39
UCDavis,NorthDakota,-2
NCCentral,FloridaAM,-7
CentralConn.,SacredHeart,25
HolyCross,Bucknell,7
Albany,Richmond,-3
EasternIllinois,MurraySt,-7
NorthAlabama,Hampton,-6
Georgetown,Cornell,6
TennesseeMartin,EasternKentucky,10
TexasSouthern,AlabamaAM,-7
Furman,Samford,44
AlcornSt,AlabamaSt,28
SoIllinois,SouthDakotaState,-18
IndianaState,SouthDakota,-38
IdahoState,Montana,-39
GardnerWebb,WesternCarolina,3
Villanova,WilliamMary,7
Elon,NewHampshire,-16
Wofford,EastTennesseeState,18
MissouriSt,WesternIllinois,6
StephenF.Austin,SamHoustonSt,-11
CentralArkansas,NichollsSt,-20
MorganState,BethuneCookman,-11
Chattanooga,Mercer,17
YoungstownState,NorthernIowa,-7
SELouisiana,McNeeseSt,-4
WeberState,Idaho,6
Marist,SanDiego,-24
SouthernUtah,PortlandState,-21
JamesMadison,StonyBrook,7
Monmouth,Wagner,2
SavannahState,CharlestonSou,-5
NorthernColorado,NorthernArizona,-18
Grambling,JacksonSt,23
SoCarolinaSt,DelawareSt,14
TennesseeTech,SEMissouriSt,-6
TennesseeSt,JacksonvilleState,-8
AbileneChristian,Lamar,-3
IncarnateWord,HoustonBaptist,2
MontanaState,CalPoly,6
EastWashington,CSSacramento,-21
AppalachianSt,ULLafayette,10
ULMonroe,TexasState,10
Syracuse,NCState,-6
BethuneCookman,NCCentral,14
Virginia,MiamiFlorida,-8
ColoradoState,NewMexico,14
Colorado,Oregon,-42
Lafayette,Princeton,-25
Rutgers,Indiana,-35
Toledo,BowlingGreen,-13
Michigan,Illinois,17
Louisville,WakeForest,3
Navy,Tulsa,28
Oklahoma,Texas,7
Memphis,Temple,-2
Nebraska,MinnesotaU,-27
GeorgiaTech,Duke,-18
GeorgiaState,CoastalCarolina,10
Maryland,Purdue,-26
IowaState,WestVirginia,24
Hawaii,BoiseState,-22
BallState,EasternMichigan,6
OldDominion,Marshall,-14
NewMexicoState,CentralMichigan,-14
WashingtonState,ArizonaState,-4
Utah,OregonState,45
Washington,Arizona,24
Mississippi,Missouri,-11
SouthCarolina,Georgia,3
MississippiState,TennesseeU,-10
KentState,Akron,23
NoIllinois,Ohio,3
Arkansas,Kentucky,-4
TexasTech,Baylor,-3
MiamiOhio,WesternMichigan,-22
BYU,SouthFlorida,-4
CincinnatiU,Houston,15
Connecticut,Tulane,-42
UNLV,Vanderbilt,24
MichiganState,Wisconsin,-38
Florida,LSU,-14
SanJoseState,Nevada,-3
Alabama,TexasA&M,19
MiddleTennSt,FloridaAtlantic,-15
UAB,TexSanAntonio,19
NorthTexas,SouthernMiss,-18
Army,WesternKentucky,-9
Charlotte,FloridaIntl,-25
Massachusetts,LouisianaTech,-48
FresnoState,AirForce,-19
USC,NotreDame,-3
FloridaState,Clemson,-31
PennState,Iowa,5
Wyoming,SanDiegoState,-4
RhodeIsland,VirginiaTech,-17
RobertMorris,St.Francis(PA),3
Richmond,Maine,7
HolyCross,Brown,16
WesternIllinois,IndianaSt,-10
SacredHeart,Pennsylvania,-14
DelawareSt,MorganSt,-31
Cornell,Harvard,-13
Presbyterian,Monmouth,-45
NorfolkSt,Howard,28
CentralConn.,Columbia,10
Bucknell,Colgate,18
MoreheadSt,Jacksonville,8
JacksonvilleSt,EasternIllinois,8
Drake,Butler,35
SanDiego,Davidson,20
LongIsland,Bryant,-5
Villanova,JamesMadison,-14
Samford,VMI,-7
Yale,Dartmouth,-32
Hampton,GardnerWebb,-8
FloridaA&M,SoCarolinaSt,4
Fordham,Georgetown,3
Delaware,Elon,-35
NorthernIowa,NoDakotaState,-32
Miss.ValleySt,ArkPineBluff,-32
Dayton,Valparaiso,13
WesternCarolina,TheCitadel,-18
AlabamaSt,JacksonSt,15
Lamar,SamHoustonSt,3
MurraySt,TennesseeSt,14
SouthDakota,MissouriSt,35
CharlestonSou,KennesawSt,-22
SEMissouriSt,AustinPeay,-4
NorthDakota,IdahoSt,-35
Albany,Towson,17
NorthwesternSt,NichollsSt,-10
CSSacramento,MontanaSt,13
NO.Colorado,EastWashington,-33
McNeeseSt,CentralArkansas,-9
IncarnateWord,SELouisiana,6
Idaho,PortlandSt,-24
NewHampshire,StonyBrook,6
SouthDakotaSt,YoungstownSt,10
PrairieView,Southern,-6
TennesseeMartin,TennesseeTech,41
IllinoisSt,SoIllinois,14
CalPoly,UCDavis,-24
HoustonBaptist,AbileneChristian,-25
SouthernUtah,WeberSt,-15
SouthAlabama,Troy,-24
ULLafayette,ArkansasState,17
UCLA,Stanford,18
EastTennesseeSt,Chattanooga,-3
Marshall,FloridaAtlantic,5
PittsburghU,Syracuse,7
OhioState,Northwestern,49
UNLV,FresnoState,-29
Duke,Virginia,-34
GeorgiaTech,MiamiFlorida,7
Clemson,Louisville,35
Army,GeorgiaState,-7
BuffaloU,Akron,21
Indiana,Maryland,6
Houston,Connecticut,7
FloridaState,WakeForest,-2
CoastalCarolina,GeorgiaSouthern,-3
CentralMichigan,BowlingGreen,18
EastCarolina,CentralFlorida,-13
Tulsa,CincinnatiU,-11
NCState,BostonCollege,-21
Purdue,Iowa,-6
KentState,Ohio,-7
WesternMichigan,EasternMichigan,-7
Kansas,Texas,-2
Wisconsin,Illinois,-1
Nevada,UtahState,-26
BoiseState,BYU,-3
NewMexico,Wyoming,-13
ArizonaState,Utah,-18
Toledo,BallState,-38
NoIllinois,MiamiOhio,-3
OregonState,California,4
Oregon,Washington,4
Arizona,USC,-27
Colorado,WashingtonState,-31
Florida,SouthCarolina,11
Kentucky,Georgia,-21
TCU,KansasState,-7
LSU,MississippiState,23
TennesseeU,Alabama,-22
SouthernMiss,LouisianaTech,-15
OldDominion,UAB,-24
WestVirginia,Oklahoma,-38
Baylor,OklahomaState,18
Auburn,Arkansas,41
TexasA&M,Mississippi,7
Tulane,Memphis,-30
NorthCarolina,VirginiaTech,-2
MinnesotaU,Rutgers,35
IowaState,TexasTech,10
SouthFlorida,Navy,-32
ULMonroe,AppalachianSt,-45
Missouri,Vanderbilt,-7
SanDiegoState,SanJoseState,10
Charlotte,WesternKentucky,-16
MiddleTennSt,NorthTexas,-3
Rice,TexSanAntonio,-4
Temple,SMU,-24
UTEP,FloridaIntl,-15
Michigan,PennState,-7
AirForce,Hawaii,30
Lafayette,Georgetown,-4
Dartmouth,Marist,42
Duquesne,SacredHeart,14
Princeton,Brown,43
NewHampshire,Delaware,-6
Harvard,HolyCross,10
Lehigh,Fordham,3
SouthDakotaSt,IndianaSt,19
GardnerWebb,Monmouth,-21
Bryant,CentralConn.,-38
TheCitadel,Furman,17
RobertMorris,Wagner,8
Davidson,Jacksonville,30
St.Francis(PA),LongIsland,30
Dayton,Stetson,-17
MorganSt,SoCarolinaSt,-14
WesternCarolina,Wofford,-52
Colgate,Cornell,1
Pennsylvania,Columbia,-38
Butler,MoreheadSt,-11
Merrimack,DelawareSt,9
IllinoisSt,WesternIllinois,14
KennesawSt,Presbyterian,45
Southern,TexasSouthern,7
VMI,Mercer,-7
NichollsSt,SamHoustonSt,-17
EasternKentucky,MurraySt,7
YoungstownSt,SoIllinois,-25
JacksonSt,Miss.ValleySt,3
PortlandSt,NO.Colorado,8
EasternIllinois,TennesseeMartin,-9
RhodeIsland,Albany,-7
JamesMadison,William&Mary,28
MissouriSt,NoDakotaState,-22
NorfolkSt,BethuneCookman,-13
StephenF.Austin,AbileneChristian,-7
Hampton,Campbell,-15
Bucknell,Towson,-49
NorthernArizona,WeberSt,-23
SEMissouriSt,JacksonvilleSt,3
SouthDakota,NorthernIowa,-15
HoustonBaptist,McNeeseSt,-15
Valparaiso,SanDiego,-25
Lamar,IncarnateWord,-18
AustinPeay,TennesseeSt,-2
IdahoSt,Idaho,-24
Maine,Liberty,-15
Yale,Richmond,1
CentralArkansas,NorthwesternSt,1
CharlestonSou,NorthAlabama,5
UCDavis,SouthernUtah,8
NorthDakota,CalPoly,4
Montana,CSSacramento,-27
N.CarolinaA&T,FloridaA&M,-3
SMU,Houston,3
JacksonSt,PrairieView,3
USC,Colorado,4
Columbia,Dartmouth,-35
Connecticut,Massachusetts,21
Illinois,Purdue,18
SanJoseState,Army,5
Troy,GeorgiaState,-19
BostonCollege,Clemson,-52
Memphis,Tulsa,1
EasternMichigan,Toledo,-3
MississippiState,TexasA&M,-19
CentralFlorida,Temple,42
BowlingGreen,WesternMichigan,-39
Indiana,Nebraska,7
CentralMichigan,BuffaloU,-23
Iowa,Northwestern,20
SouthFlorida,EastCarolina,25
Syracuse,FloridaState,-18
Liberty,Rutgers,-10
SouthernMiss,Rice,14
California,Utah,-35
Nevada,Wyoming,-28
UtahState,AirForce,-24
Hawaii,NewMexico,14
WesternKentucky,Marshall,-3
Arizona,Stanford,-10
WashingtonState,Oregon,-2
ColoradoState,FresnoState,10
Missouri,Kentucky,-22
Duke,NorthCarolina,-3
PennState,MichiganState,21
MiamiOhio,KentState,7
AppalachianSt,SouthAlabama,27
NewMexicoState,GeorgiaSouthern,-34
OklahomaState,IowaState,7
FloridaIntl,MiddleTennSt,-33
FloridaAtlantic,OldDominion,38
Ohio,BallState,13
Arkansas,Alabama,-41
SouthCarolina,TennesseeU,-20
Oklahoma,KansasState,-7
Maryland,MinnesotaU,-42
Tulane,Navy,-3
Texas,TCU,-10
MiamiFlorida,PittsburghU,4
Virginia,Louisville,-7
Akron,NoIllinois,-49
TexasTech,Kansas,-3
NorthTexas,Charlotte,-1
Wisconsin,OhioState,-31
TexasState,ArkansasState,-24
Auburn,LSU,-3
LouisianaTech,UTEP,21
NotreDame,Michigan,-31
ArizonaState,UCLA,-10
SanDiegoState,UNLV,3
SanDiego,Dayton,12
SacredHeart,St.Francis(PA),3
Bryant,RobertMorris,-4
LongIsland,CentralConn.,-28
Georgetown,Lehigh,-3
Richmond,Delaware,10
Wagner,Duquesne,-4
Colgate,HolyCross,-21
Pennsylvania,Yale,-5
Marist,Davidson,6
Harvard,Princeton,-6
Elon,RhodeIsland,25
William&Mary,Maine,-9
Howard,N.CarolinaA&T,-58
MontanaSt,NorthDakota,-4
Jacksonville,Butler,-10
Presbyterian,Merrimack,-3
EastTennesseeSt,Samford,-7
Stetson,Valparaiso,-9
Brown,Cornell,-2
Campbell,GardnerWebb,2
Chattanooga,Wofford,-1
MoreheadSt,Drake,-19
DelawareSt,NCCentral,-7
EastWashington,Montana,-17
Grambling,ArkPineBluff,6
WesternIllinois,YoungstownSt,-45
TennesseeMartin,SEMissouriSt,-7
Mercer,TheCitadel,-11
AustinPeay,TennesseeTech,37
NorthernIowa,MissouriSt,23
TexasSouthern,Miss.ValleySt,-21
Southern,AlcornSt,-14
FloridaA&M,MorganSt,12
EasternKentucky,EasternIllinois,27
IndianaSt,IllinoisSt,-17
SELouisiana,HoustonBaptist,39
NorthAlabama,KennesawSt,-24
NoDakotaState,SouthDakotaSt,7
Bucknell,Lafayette,-4
Furman,WesternCarolina,21
StonyBrook,Villanova,1
AlabamaA&M,AlabamaSt,2
Towson,JamesMadison,-17
MurraySt,JacksonvilleSt,-2
McNeeseSt,StephenF.Austin,23
SoCarolinaSt,BethuneCookman,8
AbileneChristian,NichollsSt,6
IdahoSt,SouthernUtah,-25
SoIllinois,SouthDakota,20
NorthwesternSt,IncarnateWord,3
Monmouth,CharlestonSou,22
WeberSt,UCDavis,16
PortlandSt,NorthernArizona,-2
SamHoustonSt,CentralArkansas,-4
CSSacramento,CalPoly,24
GeorgiaSouthern,AppalachianSt,3
WestVirginia,Baylor,-3
Navy,Connecticut,46
Princeton,Cornell,14
NCState,WakeForest,-34
Liberty,Massachusetts,42
OldDominion,FloridaIntl,-7
Troy,CoastalCarolina,-1
PittsburghU,GeorgiaTech,10
Nebraska,Purdue,-4
Houston,CentralFlorida,-15
Michigan,Maryland,31
Northwestern,Indiana,-31
Akron,BowlingGreen,-29
Rutgers,Illinois,-28
CincinnatiU,EastCarolina,3
BostonCollege,Syracuse,31
BuffaloU,EasternMichigan,29
Virginia,NorthCarolina,7
BYU,UtahState,28
VirginiaTech,NotreDame,-1
Oregon,USC,32
Colorado,UCLA,-17
KansasState,Kansas,28
TexasState,ULLafayette,-28
Vanderbilt,SouthCarolina,-17
NoIllinois,CentralMichigan,-38
Marshall,Rice,13
UNLV,ColoradoState,-20
SMU,Memphis,-6
TexSanAntonio,TexasA&M,-31
Army,AirForce,-4
OregonState,Arizona,18
UAB,TennesseeU,-23
Mississippi,Auburn,-6
Georgia,Florida,7
TCU,OklahomaState,-7
UTEP,NorthTexas,-26
Tulsa,Tulane,-12
MississippiState,Arkansas,30
MiddleTennSt,Charlotte,-14
FloridaAtlantic,WesternKentucky,11
ArkansasState,ULMonroe,7
MiamiFlorida,FloridaState,17
NewMexico,Nevada,-11
Utah,Washington,5
BoiseState,SanJoseState,10
FresnoState,Hawaii,3
Wofford,Clemson,-45
St.Francis(PA),Duquesne,-9
Butler,Marist,-10
CentralConn.,Wagner,14
Colgate,Georgetown,10
Columbia,Yale,-35
LongIsland,RobertMorris,-11
Fordham,Lafayette,-4
HolyCross,Lehigh,7
Brown,Pennsylvania,-2
SoIllinois,IndianaSt,9
Presbyterian,Hampton,-23
SacredHeart,Bryant,7
Dayton,MoreheadSt,14
NCCentral,Howard,22
Villanova,NewHampshire,-8
Dartmouth,Harvard,3
AustinPeay,EasternKentucky,7
Valparaiso,Davidson,-6
NorthernIowa,IllinoisSt,17
Merrimack,RhodeIsland,-28
Stetson,Jacksonville,3
N.CarolinaA&T,SoCarolinaSt,2
CharlestonSou,GardnerWebb,3
WesternCarolina,VMI,8
MorganSt,NorfolkSt,-48
William&Mary,Elon,2
Furman,Chattanooga,15
Delaware,Towson,-7
TennesseeTech,MurraySt,10
SouthernUtah,MontanaSt,-35
SouthDakota,WesternIllinois,-4
AlabamaSt,Miss.ValleySt,27
Monmouth,KennesawSt,24
Campbell,NorthAlabama,-1
StonyBrook,Richmond,-20
TexasSouthern,Grambling,-35
JacksonvilleSt,TennesseeMartin,-5
SEMissouriSt,TennesseeSt,19
SouthDakotaSt,MissouriSt,21
Maine,Albany,16
TheCitadel,EastTennesseeSt,4
DelawareSt,FloridaA&M,-22
CentralArkansas,Lamar,28
NorthernArizona,EastWashington,-28
NO.Colorado,IdahoSt,6
Drake,SanDiego,-42
NorthwesternSt,McNeeseSt,-10
StephenF.Austin,SELouisiana,-17
CalPoly,Idaho,-12
AlabamaA&M,Southern,-4
NichollsSt,IncarnateWord,4
Montana,PortlandSt,15
NoDakotaState,YoungstownSt,39
ArkPineBluff,JacksonSt,-9
Samford,Mercer,-3
WeberSt,CSSacramento,19
KentState,Toledo,-2
BallState,WesternMichigan,-4
MiamiOhio,Ohio,3
ULLafayette,CoastalCarolina,41
Temple,SouthFlorida,10
CentralFlorida,Tulsa,-3
Washington,OregonState,12
Clemson,NCState,45
FloridaState,BostonCollege,7
GeorgiaTech,Virginia,-5
TexasTech,WestVirginia,21
Louisville,MiamiFlorida,-25
NotreDame,Duke,31
Maryland,OhioState,-59
Massachusetts,Army,-56
Connecticut,CincinnatiU,-45
Illinois,MichiganState,3
WakeForest,VirginiaTech,-19
AppalachianSt,SouthCarolina,5
PennState,MinnesotaU,-5
Vanderbilt,Florida,-56
Purdue,Northwestern,2
Stanford,Colorado,-3
TexSanAntonio,OldDominion,1
USC,ArizonaState,5
Wyoming,BoiseState,-3
Liberty,BYU,-7
Charlotte,UTEP,7
Baylor,TCU,6
EastCarolina,SMU,-8
SouthAlabama,TexasState,-2
LSU,Alabama,5
NewMexicoState,Mississippi,-38
WesternKentucky,Arkansas,26
IowaState,Oklahoma,-1
UAB,SouthernMiss,-35
GeorgiaSouthern,Troy,-21
TennesseeU,Kentucky,4
Missouri,Georgia,-27
KansasState,Texas,-3
NorthTexas,LouisianaTech,-35
GeorgiaState,ULMonroe,-14
FloridaIntl,FloridaAtlantic,-30
UtahState,FresnoState,2
Iowa,Wisconsin,-2
WashingtonState,California,-13
Nevada,SanDiegoState,4
SanJoseState,Hawaii,-2
Wagner,SacredHeart,-34
St.Francis(PA),CentralConn.,-7
Lafayette,HolyCross,3
Yale,Brown,24
Davidson,Butler,42
NorthAlabama,Monmouth,-11
Albany,Delaware,4
Lehigh,Bucknell,-10
Marist,Dayton,-24
GardnerWebb,Presbyterian,-10
Fordham,Colgate,-11
Richmond,Villanova,-7
N.CarolinaA&T,MorganSt,-6
RhodeIsland,William&Mary,-36
Duquesne,RobertMorris,-20
VMI,Furman,-39
Harvard,Columbia,-7
SanDiego,Stetson,44
KennesawSt,Campbell,3
Howard,SoCarolinaSt,-41
Cornell,Pennsylvania,-1
Maine,Elon,14
MoreheadSt,Valparaiso,6
Jacksonville,Drake,-14
JacksonSt,AlabamaA&M,-5
NorfolkSt,NCCentral,17
Towson,StonyBrook,17
BethuneCookman,DelawareSt,-3
MontanaSt,NO.Colorado,31
EasternKentucky,SEMissouriSt,-7
JacksonvilleSt,TennesseeTech,-10
ArkPineBluff,PrairieView,-17
EasternIllinois,TennesseeSt,11
IllinoisSt,SouthDakotaSt,9
Chattanooga,Samford,8
MissouriSt,SoIllinois,-23
AlcornSt,Grambling,-3
YoungstownSt,SouthDakota,-35
AlabamaSt,TexasSouthern,6
Idaho,Montana,-25
Wofford,Mercer,34
NewHampshire,JamesMadison,-38
Princeton,Dartmouth,-17
WesternIllinois,NoDakotaState,-36
EastTennesseeSt,WesternCarolina,-3
NorthDakota,WeberSt,-3
TennesseeMartin,AustinPeay,-14
CSSacramento,NorthernArizona,4
SELouisiana,CentralArkansas,34
IncarnateWord,StephenF.Austin,-7
HoustonBaptist,NichollsSt,-21
SamHoustonSt,AbileneChristian,14
EastWashington,IdahoSt,43
IndianaSt,NorthernIowa,-8
UCDavis,PortlandSt,17
Hampton,CharlestonSou,-7
Lamar,NorthwesternSt,-21
EasternMichigan,Akron,28
WesternMichigan,Ohio,3
BowlingGreen,MiamiOhio,-41
NoIllinois,Toledo,3
BuffaloU,KentState,-3
NorthCarolina,PittsburghU,-7
LouisianaTech,Marshall,-21
FresnoState,SanDiegoState,-10
LongIsland,Villanova,-28
WestVirginia,KansasState,4
VirginiaTech,GeorgiaTech,45
Tulane,Temple,-8
Indiana,PennState,-7
CincinnatiU,SouthFlorida,3
Syracuse,Duke,43
OhioState,Rutgers,35
Louisville,NCState,14
MinnesotaU,Iowa,-4
WakeForest,Clemson,-49
CentralMichigan,BallState,1
ULMonroe,GeorgiaSouthern,-22
Massachusetts,Northwestern,-39
Troy,TexasState,36
NewMexico,BoiseState,-33
UCLA,Utah,-46
AirForce,ColoradoState,17
Wyoming,UtahState,-5
AppalachianSt,GeorgiaState,29
Navy,NotreDame,-32
ArizonaState,OregonState,-1
USC,California,24
Arizona,Oregon,-28
CoastalCarolina,ArkansasState,-1
UTEP,UAB,-27
SouthCarolina,TexasA&M,-24
Georgia,Auburn,7
ULLafayette,SouthAlabama,10
Kansas,OklahomaState,-18
Texas,IowaState,-2
TCU,TexasTech,2
Oklahoma,Baylor,3
Memphis,Houston,18
Kentucky,Vanderbilt,24
MichiganState,Michigan,-34
Florida,Missouri,17
Hawaii,UNLV,14
Rice,MiddleTennSt,3
SouthernMiss,TexSanAntonio,19
Alabama,MississippiState,31
Wisconsin,Nebraska,16
LSU,Mississippi,21
Stanford,WashingtonState,-27
AlabamaSt,FloridaState,-37
IncarnateWord,NewMexicoState,-13
Valparaiso,Butler,-3
Pennsylvania,Harvard,4
RobertMorris,CentralConn.,-21
VMI,Army,-41
Jacksonville,Marist,7
Wagner,St.Francis(PA),-34
Lehigh,SacredHeart,-7
RhodeIsland,Maine,-4
Davidson,Stetson,28
Colgate,Lafayette,16
StonyBrook,Delaware,-7
Duquesne,Bryant,-4
Yale,Princeton,37
Georgetown,Bucknell,-3
Brown,Columbia,24
CharlestonSou,Presbyterian,20
NewHampshire,Albany,-7
Towson,William&Mary,21
TennesseeTech,EasternKentucky,-12
HolyCross,Fordham,22
Monmouth,Campbell,37
BethuneCookman,N.CarolinaA&T,-30
YoungstownSt,IndianaSt,-7
AustinPeay,MurraySt,35
SEMissouriSt,EasternIllinois,14
MissouriSt,IllinoisSt,-5
NorthwesternSt,SamHoustonSt,3
Mercer,EastTennesseeSt,-5
Furman,Wofford,-17
Cornell,Dartmouth,3
NorthAlabama,GardnerWebb,4
SoCarolinaSt,NCCentral,24
SELouisiana,AbileneChristian,21
Samford,WesternCarolina,18
TheCitadel,Chattanooga,-1
Grambling,Miss.ValleySt,40
Dayton,Drake,17
SoIllinois,WesternIllinois,24
NorfolkSt,DelawareSt,16
NO.Colorado,NorthDakota,-7
Southern,JacksonSt,6
NorthernIowa,SouthDakotaSt,-31
WeberSt,Montana,-19
IdahoSt,BYU,-32
AlabamaA&M,AlcornSt,-6
Lamar,HoustonBaptist,-5
TennesseeSt,TennesseeMartin,-11
SouthDakota,NoDakotaState,-35
Richmond,JamesMadison,-42
McNeeseSt,NichollsSt,-14
StephenF.Austin,CentralArkansas,-23
Howard,FloridaA&M,-32
NorthernArizona,SouthernUtah,-1
CSSacramento,Idaho,24
MoreheadSt,SanDiego,-32
MontanaSt,UCDavis,10
EastWashington,CalPoly,1
KennesawSt,Hampton,43
Ohio,BowlingGreen,42
EasternMichigan,NoIllinois,28
Toledo,BuffaloU,-19
Akron,MiamiOhio,-3
NCState,GeorgiaTech,-2
NichollsSt,SELouisiana,1
StephenF.Austin,NorthwesternSt,12
ColoradoState,Wyoming,-10
CentralArkansas,IncarnateWord,17
Nebraska,Maryland,47
BallState,KentState,-3
Memphis,SouthFlorida,39
Michigan,Indiana,25
KansasState,TexasTech,3
TexasA&M,Georgia,-6
Duke,WakeForest,-12
OklahomaState,WestVirginia,7
EastCarolina,Connecticut,7
BYU,Massachusetts,32
Temple,Cincinnati,-2
TCU,Oklahoma,-4
Troy,ULLafayette,-50
Liberty,Virginia,-28
Illinois,Iowa,-9
Purdue,Wisconsin,-21
Kansas,IowaState,-10
Minnesota,Northwestern,16
Oregon,ArizonaState,-3
Utah,Arizona,28
SouthAlabama,GeorgiaState,-13
Washington,Colorado,-6
TexasState,AppalachianSt,-22
BostonCollege,NotreDame,-33
Nevada,FresnoState,7
UCLA,USC,-17
California,Stanford,4
OregonState,WashingtonState,-1
GeorgiaSouthern,ArkansasState,-5
WesternKentucky,SouthernMiss,18
Marshall,Charlotte,-11
Texas,Baylor,-14
CentralFlorida,Tulane,3
SMU,Navy,-7
MichiganState,Rutgers,27
NorthTexas,Rice,-6
Pittsburgh,VirginiaTech,-28
LouisianaTech,UAB,-6
Syracuse,Louisville,-22
Houston,Tulsa,10
Tennessee,Missouri,4
Arkansas,LSU,-36
SanJoseState,UNLV,-3
UTEP,NewMexicoState,-9
OldDominion,MiddleTennesseeState,-21
CoastalCarolina,ULMonroe,-3
FloridaAtlantic,UTSA,14
MiamiFlorida,FloridaInternational,-6
PennState,OhioState,-11
BoiseState,UtahState,35
SanDiegoState,Hawaii,-3
AirForce,NewMexico,22
WesternCarolina,Alabama,-63
Samford,Auburn,-52
TennesseeMartin,Kentucky,-43
Mercer,NorthCarolina,-49
AbileneChristian,MississippiState,-38
EastTennesseeState,Vanderbilt,-38
CentralConn.,Duquesne,33
Wofford,TheCitadel,20
Bryant,Wagner,4
IllinoisSt,YoungstownState,-18
JamesMadison,RhodeIsland,34
Hampton,Monmouth,-35
Harvard,Yale,-7
Georgetown,HolyCross,-24
WilliamMary,Richmond,6
SacredHeart,RobertMorris,-2
SanDiego,Jacksonville,19
Merrimack,LongIsland,14
Dartmouth,Brown,6
Lafayette,Lehigh,1
Princeton,Pennsylvania,21
MorganState,Howard,-5
Maine,NewHampshire,-18
Delaware,Villanova,-22
Bucknell,Fordham,-17
Chattanooga,VMI,-7
NCCentral,N.CarolinaAT,-54
Drake,Davidson,3
SoCarolinaSt,NorfolkSt,3
Butler,Dayton,-13
Stetson,MoreheadSt,15
Columbia,Cornell,-26
Elon,Towson,2
Marist,Valparaiso,12
TexasSouthern,ArkPineBluff,-32
WesternIllinois,NorthernIowa,-31
GardnerWebb,KennesawSt,-28
Miss.ValleySt,AlabamaAM,-17
Albany,StonyBrook,5
SouthernUtah,NorthDakota,-18
EasternKentucky,JacksonvilleState,6
MurraySt,SEMissouriSt,-7
CalPoly,NorthernColorado,7
Montana,MontanaState,-34
St.Francis(PA),DelawareSt,14
TennesseeSt,TennesseeTech,10
IndianaState,MissouriSt,27
HoustonBaptist,SamHoustonSt,-23
NorthDakotaState,SoIllinois,14
AlcornSt,JacksonSt,35
EasternIllinois,AustinPeay,-28
SouthDakotaState,SouthDakota,-3
FloridaAM,BethuneCookman,-4
Campbell,CharlestonSou,-10
IdahoState,WeberState,-28
Idaho,NorthernArizona,7
McNeeseSt,Lamar,24
PortlandState,EastWashington,-7
UCDavis,CSSacramento,-10
Ohio,Akron,49
WesternMichigan,NoIllinois,-3
Mississippi,MississippiState,-1
PrairieView,AlabamaSt,3
BowlingGreen,BuffaloU,-42
VirginiaTech,Virginia,-9
Toledo,CentralMichigan,-42
SouthFlorida,CentralFlorida,-27
TexasTech,Texas,-25
KentState,EasternMichigan,8
MiamiOhio,BallState,-14
Iowa,Nebraska,3
Missouri,Arkansas,10
CincinnatiU,Memphis,-10
ArkansasState,SouthAlabama,-4
WestVirginia,TCU,3
BoiseState,ColoradoState,7
WashingtonState,Washington,-18
AppalachianSt,Troy,35
Georgia,GeorgiaTech,45
Connecticut,Temple,-32
Tulsa,EastCarolina,25
BostonCollege,PittsburghU,7
Vanderbilt,TennesseeU,-18
WakeForest,Syracuse,-9
TexasState,CoastalCarolina,-3
IowaState,KansasState,-10
NorthCarolina,NCState,31
FloridaIntl,Marshall,-3
Navy,Houston,15
Baylor,Kansas,55
OhioState,Michigan,29
Clemson,SouthCarolina,35
Wisconsin,MinnesotaU,21
Rutgers,PennState,-21
NewMexicoState,Liberty,-21
Colorado,Utah,-30
Charlotte,OldDominion,16
MiddleTennSt,WesternKentucky,-5
Wyoming,AirForce,-14
FresnoState,SanJoseState,-1
Rice,UTEP,14
UNLV,Nevada,3
Indiana,Purdue,3
TexasA&M,LSU,-43
Louisville,Kentucky,-32
Alabama,Auburn,-3
ULMonroe,ULLafayette,-1
GeorgiaState,GeorgiaSouthern,-28
Northwestern,Illinois,19
Maryland,MichiganState,-3
Oklahoma,OklahomaState,18
TexSanAntonio,LouisianaTech,-14
SouthernMiss,FloridaAtlantic,-17
Tulane,SMU,-17
California,UCLA,10
NotreDame,Stanford,21
Arizona,ArizonaState,-10
UAB,NorthTexas,5
UtahState,NewMexico,13
MiamiFlorida,Duke,-10
FloridaState,Florida,-23
BYU,SanDiegoState,-10
OregonState,Oregon,-14
Army,Hawaii,-21
Southern,Grambling,2
HolyCross,Monmouth,-17
CentralConn.,Albany,-28
Furman,AustinPeay,-36
KennesawSt,Wofford,7
IllinoisSt,SEMissouriSt,18
SanDiego,NorthernIowa,-14
NorthDakota,NichollsSt,-18
Villanova,SELouisiana,-1
Oregon,Utah,22
MiamiOhio,CentralMichigan,5
ULLafayette,AppalachianSt,-7
Baylor,Oklahoma,-7
UAB,FloridaAtlantic,-43
CincinnatiU,Memphis,-5
Hawaii,BoiseState,-21
Georgia,LSU,-27
Wisconsin,OhioState,-13
Virginia,Clemson,-45
Monmouth,JamesMadison,-45
NorthernIowa,SouthDakotaSt,3
SELouisiana,Montana,-45
KennesawSt,WeberSt,-6
IllinoisSt,CentralArkansas,10
Albany,MontanaSt,-26
NichollsSt,NoDakotaState,-24
AustinPeay,CSSacramento,14
NorthernIowa,JamesMadison,-17
AustinPeay,MontanaSt,-14
Montana,WeberSt,-7
Army,Navy,-24
IllinoisSt,NoDakotaState,-6
BuffaloU,Charlotte,22
KentState,UtahState,10
N.CarolinaA&T,AlcornSt,20
CentralMichigan,SanDiegoState,-37
Liberty,GeorgiaSouthern,7
SMU,FloridaAtlantic,-24
FloridaIntl,ArkansasState,-8
Washington,BoiseState,31
UAB,AppalachianSt,-14
MontanaSt,NoDakotaState,-28
WeberSt,JamesMadison,-16
Marshall,CentralFlorida,-23
BYU,Hawaii,-4
MiamiFlorida,LouisianaTech,-14
PittsburghU,EasternMichigan,4
NorthCarolina,Temple,42
MichiganState,WakeForest,6
OklahomaState,TexasA&M,-3
USC,Iowa,-25
WashingtonState,AirForce,-10
IowaState,NotreDame,-24
Memphis,PennState,-14
Oklahoma,LSU,-35
Clemson,OhioState,6
WesternMichigan,WesternKentucky,-3
MississippiState,Louisville,-10
Illinois,California,-15
Virginia,Florida,-8
Kentucky,VirginiaTech,7
FloridaState,ArizonaState,-6
KansasState,Navy,-3
GeorgiaState,Wyoming,-21
Texas,Utah,28
Michigan,Alabama,-19
MinnesotaU,Auburn,7
Wisconsin,Oregon,-1
Baylor,Georgia,-12
BostonCollege,CincinnatiU,-32
TennesseeU,Indiana,1
Ohio,Nevada,9
Tulane,SouthernMiss,17
MiamiOhio,ULLafayette,-10
JamesMadison,NoDakotaState,-8
Clemson,LSU,-17
